bo,0.59401347122061
bn,0.34311159507462147
bo,0.7742340192591473
bo,0.7715721475550914
bn,0.17696168669966533
bo,0.8223074880435282
bn,0.24228628460236096
bo,0.6073034619925386
bo,0.8074315655145918
bo,0.9071931453616349
bo,0.8506474315486785
bn,0.04518038641698374
bo,0.9669759476282593
bo,0.6933480876969124
bo,0.7301605009793203
bo,0.7012150225392474
bn,0.12402814815311818
bo,0.9276256184344658
bn,0.2335749606350544
bn,0.3064705039173839
bo,0.8212524704979716
bo,0.7743521873649689
bn,0.23702798689076704
bo,0.7194167507059473
bn,0.2529243377297292
bo,0.7101497759004518
bn,0.13480062897553788
bn,0.17483460635158918
bn,0.14517422156832918
bn,0.28639100783306476
bo,0.6976568091595072
bo,0.8180337394383468
bo,0.6190943666545146
bo,0.5873054346479665
bo,0.7700602811741076
bn,0.20395470214444125
bn,0.4246704509069563
bn,0.1850330812523757
bo,0.7820374403098697
bn,0.28814941951274436
bo,0.7165278652554201
bn,0.18500979035204035
bo,0.7975696971741381
bo,0.7283863634601938
bo,0.7192045017945857
bn,0.3496115303628699
bo,0.7647444258329161
bo,0.699922048706891
bn,0.27716733545942873
bo,0.7367302474708791
bn,0.13751442043039028
bn,0.1471056350703951
bn,0.28412573004725467
bo,0.7381857776743059
bn,0.23463234196589977
bo,0.9569081036373734
bn,0.2615189674898981
bn,0.22548016665180373
bn,0.19440645414830207
bn,0.13080707044654438
bo,0.8558721003036452
bn,0.09341028474295257
bn,0.11967448788679533
bn,0.3466188472691177
bo,0.771026701865215
bn,0.23502566801216324
bo,0.8424342597371793
bo,0.8317970951989034
bo,0.881071560460565
bo,0.9583016421771049
bo,0.9149606612078495
bn,0.21983581684579256
bo,0.8796784380947279
bo,1.0358723446228997
bo,0.658453248987585
bn,0.4051316283401929
bo,0.8099162534087576
bn,0.11378018248972936
bn,0.23377419096404836
bo,0.8580496842398441
bo,0.7647864877231161
bo,0.8441386411571706
bo,0.8596488427242419
bn,0.10838128973607214
bo,0.8853571985339169
bo,0.9227770140663959
bn,0.32279583238485393
bo,0.7113376809468901
bn,0.22962567822752938
bn,0.36866488006047426
bn,0.38630223984443296
bo,0.6902022228597071
bn,0.06884741388635626
bo,0.7564459594355808
bo,0.8832401121726657
bo,0.7294807268627486
bo,0.8097840095370911
bo,0.8805846796557129
bo,0.7955421807780999
bo,0.8201013177414426
bo,0.6057599908417967
bo,0.6953264788375288
bo,0.6449158627197626
bo,0.8687464172657249
bn,0.17514571704785986
bn,0.08884345546645962
bo,0.7091990889298915
bn,0.2292105331329194
bn,0.2424983806811257
bo,0.8460851827027902
bn,0.37525163772731523
bn,0.1819871722550401
bo,0.9187852650177796
bo,0.8236301467590255
bn,0.17521966909354705
bn,0.23738083523697015
bo,0.7216112113456369
bo,0.8722995351172566
bo,0.837430857215733
bn,0.11347198569612665
bo,0.7310876333495977
bn,0.31506047883089494
bn,0.21183185791342707
bn,0.36133474957459155
bo,0.9077710143739302
bn,0.3782354963795094
bo,0.9309447252156062
bn,0.2004328242251205
bn,0.12778247646714347
bn,0.30675230826453115
bn,0.2534777757923386
bo,0.8834968185685631
bo,0.7059240850291693
bn,0.2508517959188237
bo,0.8413062841818328
bn,0.21654996672582963
bn,0.3726635788453635
bo,0.8380362277248734
bo,0.9027611584499845
bo,0.7258153337695452
bo,0.668046849967327
bn,0.18704544050376243
bn,0.2593151497057746
bn,0.23980598519074087
bn,0.18374911774381258
bo,0.7585598983016498
bn,0.1335450694486105
bn,0.05354747544676361
bo,0.7371074438243991
bn,0.07735336581894266
bo,0.7944842719882141
bn,0.2943609440187848
bo,0.6450945249692394
bn,0.003286475970894126
bo,0.8192042798087172
bn,0.20343626598493852
bo,0.9286765460176578
bo,0.6345323269392216
bn,0.15004878098804464
bo,0.8901133489406073
bo,0.8239910989515381
bn,0.1278606873028852
bo,0.9331746209988765
bo,0.922373154784873
bo,0.7517600692893495
bo,0.7263361506110197
bn,0.14504452955793828
bo,0.6686826276225635
bo,0.7920670750553964
bo,0.7784477259229889
bn,0.2634969064556153
bn,0.42972435760906413
bn,0.22459036003281754
bn,0.013012788506306883
bn,0.09564370352456222
bn,0.32062144627650113
bn,0.19880959325193193
bo,0.8944460170166088
bn,0.054995790934548566
bo,0.9201651141331093
bo,0.694493648732609
bn,0.23415808949699723
bn,0.39747665877568095
bn,0.17338339841391986
bo,0.7213805741440715
bn,0.28217886254256797
bn,0.06448944448951463
bo,0.8152500448701795
bn,0.08505134265149733
bo,0.7897214456375065
bo,0.576668970291868
bn,0.19973365483546815
bn,0.3524737118165201
bo,0.656697005776448
bo,0.7681014280078139
bn,0.2974331478094283
bo,0.716449765891771
bo,0.7911005731720862
bn,0.08003195139304738
bo,0.8405901497859157
bn,0.1466662528470854
bo,0.6805090623132533
bn,0.12315227838637262
bo,0.8007067414277668
bn,0.09315702380905769
bn,0.09662517875682924
bn,0.06734552003933378
bn,0.20080457022276998
bo,0.7256568926753173
bo,0.6722875481820372
bo,0.8384485193443899
bo,0.9521410986874499
bn,0.08823576138654965
bn,0.24203485811040193
bn,0.24732966567815268
bo,0.7708166698732203
bo,0.8016904725996254
bn,0.05422541870253017
bn,0.27528750449515826
bn,0.00718962406666851
bo,0.8321398071179792
bn,0.20844081963324337
bo,0.7946199947241136
bn,0.20425597505809667
bn,0.24325340898607473
bn,0.11352075233167133
bo,0.8069966183880005
bo,0.8273601942599624
bn,0.08340433951402171
bn,0.24641304829291863
bo,0.8857978343197743
bo,0.8433910206201002
bn,0.0629015419439154
bo,0.8286565072393568
bo,0.8767795309327884
bo,0.6983997201295549
bo,0.7805240793948898
bo,0.8723842378012218
bn,0.0761208571017043
bn,0.34539701081276647
bo,0.651343361090513
bn,0.3062132636315186
bo,0.7788651170583065
bo,0.8068753378980934
bo,1.0914948985535136
bo,0.822515550216739
bo,0.8345780257062885
bo,0.7844788435648927
bo,0.7892689961835954
bn,0.3355685811050143
bn,0.14566571698939204
bo,0.6506265878928306
bo,0.8591344823886843
bn,0.2667469951150507
bn,0.2614467153366787
bn,0.10095843395946102
bo,0.5656796777405207
bn,0.22590284179298556
bn,0.01024264740385944
bn,0.15779795906995642
bo,0.6159044946189702
bn,0.2707547777393978
bo,0.7204299911548533
bo,0.8805041078860257
bo,1.0189788576436498
bn,0.14750461953676985
bn,0.24986836823202724
bn,0.28931387590968904
bn,0.1588009458717878
bo,0.8813363334371228
bo,0.72716929335417
bo,0.7522020612791132
bn,0.34133721337544976
bo,0.8012479928834846
bo,1.0233248140284785
bn,0.19587428763120582
bn,0.17749108107382305
bo,0.5561538001027975
bo,0.8975242208390021
bn,0.22580457134070905
bn,0.2800042891759497
bn,0.15772591701037536
bo,0.679124986312964
bo,0.8507716725312897
bn,0.04987478499024117
bn,0.23946912074424595
bn,0.238796013429191
bo,0.9105549535356553
bo,0.8858090994258445
bn,0.22673712032795684
bn,0.3400425933077662
bn,0.3539625781572072
bo,0.7706500581560608
bo,0.8807204422920846
bo,0.6961720867308384
bo,0.6940711944121414
bo,0.8414302687511869
bn,0.195351900456237
bo,0.7482453878634783
bn,0.04786494441527983
bo,0.8318216681738497
bo,0.9216843392750284
bn,0.29573499295526623
bn,0.11520534428282789
bo,0.8107776642071981
bn,0.29357597124233165
bn,0.17549994119452408
bn,0.04502285782944787
bn,0.15834345518578857
bo,0.6474339367611355
bn,0.0025779893396818687
bn,0.3007532552765954
bo,0.7964739798248482
bn,0.19562325672744327
bn,0.21033466759923009
bn,0.39110171285063977
bo,0.7179765312171944
bn,0.11401018896402038
bo,0.8990282541519886
bo,0.6282953795238281
bo,0.8210947253548189
bo,0.6900794182036638
bo,0.6625636985633877
bo,0.7814731656566781
bn,0.20496247303915519
bn,0.19952067752643424
bn,0.22995474239413782
bn,0.1434563063786847
bn,0.05822944849253284
bn,0.20274537915598836
bn,0.2897635213336696
bo,0.7851293781819592
bo,0.868016872988365
bo,0.8980977695010538
bo,0.7202731578387978
bo,0.8048109599331992
bo,0.7126531629513813
bn,0.16364496260898254
bn,0.11588766179285392
bo,0.9373143877920957
bn,0.03465899418964835
bn,0.20596499058917161
bo,0.7366984145341614
bn,0.13574332257468694
bo,0.7922948412216023
bn,0.19734330943380937
bo,0.849555072994293
bn,0.11112736975122925
bo,0.789010521853475
bo,0.8277622653090156
bn,0.14471326603622559
bn,0.23605382935812846
bo,0.676962823880848
bo,0.566544630909873
bo,0.773027051774474
bn,0.2291121083762879
bo,0.7156532182884411
bo,0.7485670024571537
bn,0.2826042800648293
bo,0.8447493343246492
bn,0.2721881413185396
bn,0.2905837674351688
bn,0.1873356586045202
bn,0.1906049969496729
bo,0.6719912130015923
bo,0.8659775597858381
bn,0.06680056461792319
bo,0.7462945424734179
bo,0.8620812620290677
bo,0.7092983259446592
bn,0.15825334829279716
bn,0.21578692091661522
bn,0.16176587682218746
bo,0.8744190234498415
bo,0.8322593386698636
bn,0.10985789833436221
bo,0.9653299908351645
bn,0.11927207933505274
bo,0.7115119647875235
bn,0.2255209121115403
bo,0.9107378813688195
bn,0.23460620384566136
bn,0.1034385888452817
bo,0.9456983540546344
bn,0.08564624966856856
bn,0.2986028982833493
bn,0.08109829658645569
bo,0.6851359900089413
bn,0.04816289656420086
bn,0.20446717088674243
bo,0.7714824210294514
bo,0.6204791486438603
bn,0.21008285471016977
bo,0.79361665237436
bn,0.02123331414749377
bn,0.09558666824709353
bo,0.8459128523156825
bn,0.16038524494291231
bo,0.8326821522613367
bo,0.870778175541119
bn,0.22101286687745209
bo,0.875673732351016
bo,0.6966706318850961
bo,0.844521926133645
bn,0.2508755135997504
bn,0.18152060093079816
bn,0.08275472209652408
bo,0.8160471054439649
bn,0.08587030118222999
bo,0.8574506906470543
bo,0.7474747924208268
bo,0.6278338723190761
bn,0.0076453551785677365
bo,0.7552113537001995
bo,0.8601145394688536
bn,0.2678422536135487
bo,0.7319797219539179
bn,0.3875388296761463
bo,0.7249557261959321
bn,0.3833250082975417
bn,0.14157235400174867
bn,0.18971303958638805
bn,0.28184883581328507
bn,0.05338402830376823
bn,0.11508321145373084
bn,0.21549264084149597
bo,0.7413144597104575
bn,0.03851663016137358
bn,0.2213284623327676
bo,0.8187010823089661
bo,0.8697887889777014
bo,0.823366440256289
bn,0.21974161987597712
bo,0.8021193022653816
bn,0.08693990392489202
bo,0.8113893723917889
bo,0.8939176761214618
bo,0.7662136106982275
bo,0.8055154737142208
bo,0.7802672777320231
bn,0.15147645291057726
bn,0.08616405845377664
bo,0.5961068835289351
bo,0.8105227402757325
bn,0.12233710789877439
bn,0.07656119752840869
bn,0.1587622563363303
bo,0.8650994730815845
bn,0.04179446481341731
bn,0.3650841421595022
bn,0.0057757587623469275
bn,0.21487355435578004
bn,0.3316708095887855
bo,0.8872253138035345
bn,0.10903062505890486
bn,0.2935473482747789
bo,0.8871493735000432
bo,0.7550337284738442
bn,0.17645121141216827
bn,0.003966413602697699
bo,0.7924431628261036
bn,0.16493495181145323
bn,0.058904868788436204
bn,0.21104243569443645
bn,0.2751992234847355
bn,0.2672118698417387
bo,0.7157080174522499
bn,0.35390375863802753
bn,0.4261708159607689
bn,0.09035068992526801
bo,0.7231227755897988
bo,0.8309163523220569
bn,0.16700701732881068
bn,0.026587159528059845
bo,0.6744386133554645
bn,0.1825707763734192
bo,0.7854558425995104
bo,0.8165460453642783
bo,0.8569733814419398
bo,0.8157477069990902
bn,0.11825933659466248
bn,0.19822449537221376
bo,0.7967658842658493
bo,0.8417621252645188
bn,0.2553980213771077
bo,0.9481976615396149
bn,0.2418088417426733
bo,0.8977674861827574
bn,0.18508872259328712
bn,0.20147350587058468
bo,0.8472542874670291
bo,0.7532310598898239
bo,0.8041461407778034
bo,0.8880697523808223
bo,0.9138535773017555
bo,0.8142252113389659
bn,0.1741571182586949
bo,0.8265024054652965
bn,0.1564565979947331
bn,0.271201572234196
bo,0.8007777231919812
bn,0.1758922793324943
bn,0.22438502397206098
bn,0.1577671567793945
bn,0.2383515887237901
bn,0.22887778137879689
bo,0.805344266402368
bn,0.17792286991232825
bn,0.1931841727179062
bn,0.20007619456461337
bo,0.7418032460123652
bo,0.7682101136243812
bo,0.6841467296903797
bn,0.32592395755629355
bo,0.7961650621770928
bn,0.07815427902481419
bn,0.36790152224652245
bn,0.17409532110716436
bn,0.15621510493437313
bo,0.7711319822693474
bn,0.19560447583433244
bn,0.15969980723744104
bo,0.9370818491803118
bo,0.8417781564162288
bn,0.21052604851891396
bn,0.2414309526539727
bo,0.9388956647134815
bo,0.8410525879824238
bo,0.764351899393243
bo,0.8598680402467941
bn,0.11352332231746759
bo,0.7554329259442271
bn,0.25985048386376236
bn,0.1591105280251635
bo,0.7205763750191693
bn,0.15624011558248976
bo,0.7752069461582632
bo,0.7399181612981712
bn,0.1554328118114215
bo,0.8082275721388339
bn,0.036255601627793566
bo,0.824871741433437
bo,0.8429094844057018
bn,0.27624016430179477
bn,0.16546709217070005
bo,0.8539579710192404
bn,0.031964699781820594
bo,0.697239988291408
bn,0.14990780097632053
bn,0.09731000854498664
bn,0.27912468004643604
bo,0.5892692114965413
bo,0.579418295479678
bn,0.0247549361252149
bo,0.8467085799906493
bo,0.8597660344178086
bo,0.8436688583753404
bn,0.23063694806890464
bo,0.7787254509845308
bo,0.6003734926096638
bo,0.7942866176750585
bo,0.7501180748570214
bn,0.21284976064738975
bo,0.947078666502868
bo,0.7093159455341582
bn,0.3687496162017282
bn,0.35593694887213473
bo,0.5525212158725206
bn,0.3139490907926564
bn,0.24454967311064055
bo,0.9908021210963389
bo,0.8921091990364399
bn,0.06087876418766244
bo,0.5846090706036073
bo,0.7795767892042054
bo,0.7934332429165787
bo,0.7987358438509493
bo,0.7506302669560041
bn,0.23305314451855955
bn,0.21337342389300312
bo,0.7271830987702366
bn,0.18219321993532459
bo,0.8812086687447618
bn,0.435730803778332
bn,0.3673310733694502
bo,0.79992042572539
bn,0.27826241688267195
bn,0.19391317622164544
bo,0.749608150843981
bn,0.24691915130169587
bo,0.77634249552701
bo,0.8951554056802278
bo,0.8670559977556961
bn,0.2401347730485442
bo,0.8132119246579127
bn,0.09579503064622762
bo,0.727462861501908
bn,0.15944035288668512
bn,0.29676154740461
bn,0.2773737898377871
bo,0.7890401339994539
bo,0.9300707690749422
bn,0.33169287192252705
bn,0.3848009061193662
bo,0.8541110449759253
bn,0.20851160923506096
bn,0.18665901130136875
bn,0.16213748748259327
bo,0.8175349053993212
bn,0.1632472623152861
bn,0.19470454630600897
bn,0.16314221471269272
bo,0.8138454419404879
bo,0.964805048376852
bn,0.30477219579832904
bn,0.14874772399420896
bn,0.26345027441772095
bn,0.26373618836334733
bo,0.7944810600167054
bn,0.28046397328472983
bn,0.24022640692472186
bn,0.30762083855559025
bo,0.9181930745161471
bn,0.13005369846998127
bo,0.7394710136138763
bo,0.6034796747629775
bo,0.9338511324109164
bn,0.2967098063217974
bo,0.898243243900966
bo,0.8087029841928621
bn,0.29243306042211104
bn,0.1267965519029539
bo,0.7688092150609794
bo,0.8631907785245395
bn,0.09257812012994773
bn,0.22918157269054176
bn,0.14731537809288325
bo,0.7880505987609819
bn,0.1163094982935648
bn,0.14682068115122157
bo,0.8528136159727715
bo,0.7389328349595091
bo,0.9266084968152176
bn,0.21357146166073507
bn,0.20188527282658475
bn,0.14295412999465598
bn,0.20055445297821284
bo,0.7896461396432264
bn,0.19532110156132118
bn,0.15894834576948325
bo,0.9291730185597461
bo,0.6926823779282487
bo,0.7828383647699545
bn,0.4637240738966989
bo,0.9069159647167278
bn,0.30179786635512856
bn,0.2059168978533605
bn,0.12532751309131993
bn,0.1759261215716239
bo,0.7570249349335311
bo,0.8131045833044602
bn,0.2721756902840505
bo,0.7066290138555157
bo,0.8500528474588813
bo,0.7375851152811108
bn,0.25287927462737136
bn,0.17516704525289814
bn,0.27018434551208326
bn,0.18707164157422432
bn,0.2509949796931946
bn,0.21168523863356506
bo,0.6348801731806306
bn,0.13634995645481332
bn,0.10394815669090282
bn,0.003933768237704888
bn,0.3471304993466535
bo,0.8713561729872088
bo,0.7795311259221009
bo,0.7029606829098052
bn,0.12261314371761649
bn,0.0706702264849669
bo,0.6989010505045388
bo,0.8688815166999467
bn,0.11241812359204584
bn,0.13239479805866894
bn,0.02820581305604114
bn,0.04782637041156121
bo,0.9563797844509482
bo,0.7129246908327488
bn,0.19178039052169776
bn,0.28480518313229686
bo,0.8332188129312731
bo,0.7554474970207294
bn,0.16475014847894134
bn,0.37791519411875407
bo,0.749968683909523
bn,0.05616981885275171
bn,0.28641724665862506
bn,0.1595460905388478
bo,0.8976046495528284
bn,0.13442013619990106
bn,0.08877272990184358
bn,0.22292417193059183
bo,0.818874761633298
bo,0.8280085887616263
bo,0.873607792328318
bn,0.31265590235412805
bo,0.9650718369396738
bo,0.6335702996383337
bo,0.8784412202545935
bo,0.7737390659960897
bo,0.8594867573955823
bn,0.30571471474248335
bo,0.819303196910243
bo,0.908169095436894
bo,0.6446958353604428
bo,0.7179778404450416
bo,0.7763606961876138
bo,0.7943644264824209
bn,0.14585485327057815
bo,0.8329050961534202
bo,0.7668774117959437
bn,0.29242615027862096
bn,0.1595345734240259
bn,0.13403330757189413
bn,0.1385599598257293
bn,0.38687281386216626
bn,0.14327524403253888
bo,0.6647193440136493
bn,0.1575548499497574
bn,0.2977423253355869
bn,0.04078523998409736
bo,0.7478664948654873
bn,0.018037300056705174
bo,0.8557995781192672
bn,0.2010481545938117
bn,0.13144667165105897
bo,0.6999888156438427
bn,0.19363121746663442
bo,0.6528101162869336
bn,0.14645887845022285
bn,0.17528662702898115
bo,0.8372831851132795
bn,0.21408607279240366
bo,0.770934720479906
bn,0.09059536680356461
bo,0.7452666271884816
bn,0.14955284439516517
bo,0.8747156170568685
bo,0.6740834546526967
bn,0.04861123610659554
bn,0.2936581340001005
bn,0.14967819453235
bo,0.9508291906965027
bo,0.6701217907741787
bo,0.9494562763426272
bn,0.17737302745102632
bo,0.9163482827832016
bn,0.28774653803775024
bn,0.12154867944156021
bo,0.75999952113017
bn,0.16169416700369754
bn,0.22070801535416965
bo,0.8153205246476966
bn,0.2541782709150738
bo,0.8263808592492707
bo,0.9459154281184663
bo,0.7121273795957899
bo,0.5412884263462164
bo,0.8736556218703706
bn,0.28086384718603075
bn,0.3682581478885141
bo,0.8080949912017221
bo,0.9497278946627792
bo,0.770311837044566
bo,0.7098198165435404
bn,0.21849015037610967
bn,0.31336676851091483
bo,0.886612189279115
bo,0.818658319774831
bn,0.15741169755601567
bo,0.8577316100774485
bn,0.17181717630355076
bo,0.6628583793734467
bn,0.309068015715377
bn,0.2748517251377138
bo,0.6674835666190215
bo,0.7609366620260432
bo,0.8097613332666639
bo,0.7336165933137386
bn,0.06654794680375115
bn,0.16537839039921454
bo,0.9759184111987411
bo,0.9203788835174658
bn,0.13392048602390522
bo,1.0599584610203394
bo,0.8990987331360221
bo,0.7801108233459965
bo,0.776520570134847
bo,0.8326171074382346
bo,0.8541063646138103
bo,0.829944116471314
bn,0.19429633732769785
bn,0.07743082840170586
bn,0.20193993240823332
bn,0.2084007953240404
bn,0.09316253314542007
bn,0.1355317319787066
bn,0.14320637959923324
bn,0.29139708738549264
bo,0.8087420963073111
bn,0.18358078593231883
bn,0.19433714180213388
bn,0.25444303142869923
bo,0.8165603785991635
bn,0.2994122457416256
bo,0.9375807420009753
bn,0.19759226016654843
bn,0.09782358068740134
bo,0.743941231527756
bo,0.7362779518883292
bn,0.09311617380071771
bn,0.12649768387315818
bo,0.9140853882758974
bn,0.26245904227494676
bo,0.8186533251716249
bn,0.15509598840759545
bn,0.22815350212440372
bn,0.27381803027856855
bn,0.24934413868065042
bo,0.6067796969007502
bn,0.20677706260123047
bo,0.7239910786869097
bn,0.3481190669942131
bn,0.2908512648249786
bo,0.772962499319783
bo,0.8422084239607612
bo,0.8605603488156545
bo,0.847838787025752
bo,0.6099683980643301
bo,0.8844214617487536
bn,0.23568409521631273
bo,0.754222183521918
bn,0.28376623364409975
bn,0.13284928428518103
bo,0.8304028187602923
bn,0.2090915631143384
bn,0.24679839618564564
bn,0.1578026189904021
bo,0.8347339647678361
bn,0.1798039256323043
bn,0.24313325797241186
bo,0.8376632225096099
bn,0.09468362105463164
bo,0.687106762054342
bn,0.2404431140052111
bo,0.9682448201841979
bn,0.13256553566010898
bn,0.0565619505161796
bo,0.7383857425961355
bn,0.16567363528887358
bo,0.8102043407045891
bn,0.3970943316819515
bo,0.8249395865594743
bo,0.808945637674862
bo,0.6566822834990322
bn,0.23558994432489197
bo,0.7530980518930626
bo,0.586494300294731
bn,0.2196283371467735
bo,0.8196263609789701
bo,0.7144913293191091
bn,0.11811858108146084
bn,0.23165763286213537
bn,0.2770679899793961
bn,0.1079810874495376
bo,0.7591616079700795
bn,0.057068844846585476
bn,0.0706397870207203
bn,0.16584583532311833
bo,0.7010683469346222
bn,0.06862602114926894
bn,0.3422153012001071
bo,0.705741298957854
bo,0.7134121332323923
bn,0.2801204050482854
bo,0.8364641696370599
bn,0.39662956679613937
bo,0.7209870320766766
bn,0.10471765544994466
bo,0.654777146615812
bn,0.2363902523910832
bo,0.6601361080756076
bo,0.8395199446042514
bn,0.22166594283207597
bo,0.7207900085928278
bo,0.8444051833821018
bo,0.7055348117065041
bo,0.8021123441388565
bn,0.3829003728347162
bn,0.14914737466507727
bo,0.5940542154096006
bn,0.01570858622642682
bn,0.17473503732960902
bn,0.23182930613813843
bo,0.8613228694052012
bo,0.7525853165194779
bo,0.9126658146353307
bo,0.9147711956730443
bn,0.116282933702897
bo,0.7502114784218595
bo,0.9420664130345711
bo,0.9489886523550465
bn,0.09304900729933273
bn,0.11954901224248665
bo,0.8392150349541934
bo,0.8582748028677
bo,0.7653915769663915
bo,0.8704451674131176
bn,0.4852102728809047
bn,0.11374065611537419
bn,0.3484983250390874
bo,0.9195684024937593
bo,0.6871972839838247
bo,0.8018529522626058
bn,0.1670466928973011
bo,0.7091418088843191
bo,0.9313584851309762
bn,0.11838627973454074
bn,0.21190981810372836
bn,0.2603145437753158
bo,0.8798703146462599
bn,0.1610566838657844
bn,0.20508818577704135
bn,0.2276154017264576
bo,0.931577964340258
bo,0.8787308483809269
bo,0.7988943884145999
bo,0.7799278338414622
bn,0.17030050635794783
bo,0.8023636810923191
bn,0.18362691457510166
bo,0.6170879557535486
bo,0.7604373798985019
bn,0.19555859750616406
bo,0.9430299364105206
bn,0.33718033803509767
bo,0.8155211065674803
bo,0.7369529902390279
bn,0.20526753453023325
bn,0.44186059615651274
bn,0.23916085615725713
bn,0.025389232194210132
bo,0.8457928098458409
bo,0.773418559844617
bo,0.7498225078443504
bn,0.19226029345597603
bn,0.13728050536452063
bn,0.22612272004587797
bn,0.2962025029641855
bn,0.26544132672695303
bn,0.29118763688130817
bo,0.8572648319842326
bn,0.22666529948351383
bn,0.2931154083644363
bn,0.20183544212903107
bo,0.7495886501367013
bo,0.758030838258544
bn,0.1990569377869842
bo,0.9587279173305685
bn,0.2786871073502264
bn,0.35437727345647463
bn,0.012073836778104224
bo,0.6908940731122877
bn,0.30388606997835255
bn,0.0493269504804881
bn,0.2625163805929395
bo,0.754004512304401
bn,0.166427028446417
bn,0.3727912808380047
bo,0.9353398220402672
bo,0.8870920691185445
bn,0.16903573052634924
bn,0.21591697660581968
bo,0.9154754771563474
bn,0.064008631366653
bn,0.18121978928022286
bo,0.8298014203889691
bn,0.17883016974562313
bn,0.38791576974844244
bn,0.08249000321002571
bn,0.08652528152579285
bo,0.7189696591376167
bn,0.24039184251341172
bn,0.1521277323676143
bo,0.9196751555362042
bn,0.11607542283301797
bn,0.22159662466718377
bn,0.28461702923684695
bo,0.8108946439926347
bo,0.911556500066326
bn,0.268034485368213
bo,0.7903639715171622
bo,0.7525170704342268
bo,0.7391213130003325
bn,0.0885879220266586
bn,0.10172453542915535
bo,0.7962124866600114
bn,0.2697158969849635
bn,0.30110335642470265
bo,0.7892535734544599
bo,0.710497515346481
bo,1.1359466459842438
bn,0.35555177822330214
bn,0.16394048064000946
bn,0.1937757910952389
bn,0.19374352729192298
bo,0.7690883795382691
bn,0.3638481006763108
bo,0.8756092767127028
bn,0.3206843539735219
bn,0.11157070726245116
bo,0.719301959845566
bn,0.20630199536166327
bo,0.6829124042169934
bn,0.12373005262726237
bn,0.275013618386618
bo,0.6886646004578667
bo,0.9927102993837454
bo,0.7683672787547488
bo,0.7033745387900158
bo,0.8544116166218476
bo,0.8835045444056605
bn,0.22707519046639857
bo,0.7965020768837213
bn,0.14882607727644978
bn,0.18305507053223483
bn,0.17115453712904777
bo,0.6978983591378128
bo,0.9158012890219113
bo,0.8163712118986545
bo,0.8812822701031462
bo,0.7130527696181046
bn,0.1194994239904519
bn,0.3143520096473865
bn,0.136337045805289
bn,0.18325359548081033
bo,0.6936839217612966
bo,0.7644049562308916
bo,0.7877506562957969
bo,0.7071955013247421
bn,0.0880374892026834
bo,0.6890182933463913
bo,0.6837500135109773
bo,0.8928182574409373
bn,0.037415490236525184
bo,0.8588154355631017
bo,0.8186831834602862
bo,0.6753282891237216
bo,0.9028652764174568
bo,0.9219873620539063
bo,0.9386984466685983
bo,0.8940829897301912
bo,0.9042573090319763
bo,0.8423473453355332
bo,0.8406953608900806
bo,0.8053778687876232
bn,0.30143507630464406
bo,0.9874414623583823
bn,0.3221808245215164
bo,0.7926318545369887
bn,0.274591015911703
bo,0.5814031512470261
bn,0.2519070782101107
bn,0.2709413152607535
bo,0.7627351530028259
bn,0.25307513562549844
bn,0.2619577134490214
bo,0.7297450666122121
bo,0.6162877616091585
bo,0.8010266115689773
bo,0.8383191419027629
bo,0.9656901989645528
bo,0.9309845106086839
bn,0.3533156564212471
bo,0.8089452200423582
bn,0.3116559001760424
bo,0.9689355940578057
bn,0.32800302120134395
bn,0.14795362487946664
bn,0.2015269157024346
bn,0.1428601274500791
bo,0.7301595073537075
bn,0.08364029096309772
bo,0.669992077912492
bo,0.8222531721371529
bo,0.8274066302050497
bn,0.2096934177319703
bo,0.8538088359370346
bo,0.8925544910990886
bn,0.11032522532942134
bo,0.7111314678599328
bo,0.6954671350973832
bo,0.9350748032770577
bn,0.012918854856466655
bn,0.24063260964653987
bn,0.20475926202553935
bo,0.879689084169915
bo,0.6909912520315248
bo,0.729330309320799
bo,0.8494820624098804
bn,0.28900163861212663
bn,0.2036210619931234
bo,0.5948800966609069
bo,0.9674482568796948
bo,0.7806335612498103
bn,0.10837729530387641
bo,0.9436838628871866
bn,0.16656962269564768
bo,0.715794753844069
bn,0.13453275241900925
bo,0.627113778184478
bn,0.2769072634049623
bo,0.6903795194154158
bn,0.11504373799615815
bo,0.8021769000972683
bo,0.7936928433277408
bn,0.21375395928194602
bo,1.006532830182622
bn,0.03215709782143686
bo,0.9989026846337985
bo,0.7200387069717171
bn,0.15128364284457463
bo,0.8049404686804328
bn,0.22369206313129758
bn,0.2581287155500422
bo,0.8432199959313353
bo,0.8059212532517113
bn,0.14787486952235
bo,0.6745398256297223
bo,0.7758123881425225
bo,0.8371295305248622
bn,0.13581782206800372
bn,0.33138743170611507
bo,0.7622281322280586
bn,0.17921097943154013
bn,0.316742134129833
bo,0.529125892968711
bn,0.2545163271180009
bn,0.21647789382986968
bo,0.8719736464996339
bn,0.18105843658962673
bo,0.6092997750484925
bo,0.8212581373249459
bo,0.8658900319170527
bo,0.63807026567456
bn,0.15165204152160866
bn,0.2396372974342934
bo,0.642980984384613
bn,0.23863941033141312
bn,0.191955679784975
bn,0.04332098117438149
bn,0.2685428337533957
bn,0.24381806885549528
bn,0.4018406346045572
bo,0.7697304750168678
bo,0.7720815578666242
bo,0.8352903417752726
bn,0.08367844527407775
bo,0.5856422097769309
bn,0.1741766559615367
bo,0.7708857291779537
bn,0.23544070622741647
bn,0.25531712626008113
bn,0.09550043640130386
bo,0.6832204259270073
bo,0.8922170514559921
bo,0.9241097861308717
bo,0.8683198084539024
bo,0.7984282499400126
bo,0.7316979397392496
bn,0.058901215032546916
bo,0.9833287251091805
bo,0.717566144438364
bo,0.6450207452105953
bo,0.7189129729044981
bo,0.9479511418385997
bo,0.857625321662168
bo,0.7290413621190559
bo,0.7717330038951136
bo,0.858161707254224
bo,0.9302826556168055
bo,0.5206768794390946
bo,0.744557475390789
bo,0.6874611011335219
bn,0.3395143376459918
bn,0.16424162425569255
bn,0.24071872077094073
bn,0.14008625399937508
bo,0.8375954889780514
bn,0.3495060897744438
bn,0.21507059002217926
bn,0.24202239608699785
bo,0.7587428685742919
bn,0.14754488261644358
bo,0.7132540006262168
bn,0.0877652222979412
bo,0.837041336094718
bn,0.09257455985512326
bo,0.7079655612210829
bo,0.7993622256190436
bn,0.25495058405897425
bn,0.1724878072369293
bn,0.21872302156683932
bn,0.16553113613240877
bo,0.6977132581919776
bo,0.8193438097154809
bn,0.13875072305630923
bn,0.15697669729390074
bo,0.8722048517061349
bo,0.8946181433802961
bn,0.14291232404874363
bn,0.2243368650732743
bo,0.827578383917752
bn,0.25729624486193564
bn,0.30618625726374993
bo,0.7178321174625448
bo,0.83163103443153
bn,0.41972368599069326
bn,0.3009021585540649
bo,0.9897684788719101
bo,0.8738406334015385
bn,0.24369819422053296
bo,0.6318345607987953
bo,0.7300449239390618
bn,0.25706053908377946
bo,0.7708162538659161
bn,0.39779915067326155
bo,0.6594327067171546
bn,0.004690409656736894
bn,0.30719646494911157
bn,0.16533533455225408
bo,0.8564323731702801
bn,0.22382457584248178
bn,0.25913404956421904
bn,0.11156080283350028
bo,0.8381596613167444
bn,0.1676315280875425
bn,0.304347353776797
bo,0.7782081444761038
bn,0.2855250317910889
bn,0.3423833174772074
bn,0.10057144768276738
bo,0.9821207341526992
bn,0.2834739325950209
bn,0.20220797485410472
bn,0.2953093787021862
bo,0.7476889097542595
bn,0.057632734996952484
bo,0.8356683411574017
bn,0.15706388885913908
bn,0.19401201045667457
bn,0.27808661053410133
bo,0.8276910520239678
bn,0.3025349018299582
bn,0.19485012614523198
bn,0.2004277305998091
bo,0.8526847085791874
bn,0.16245043440727755
bo,0.9233623861660962
bn,0.10833249095217644
bn,0.32637298887691113
bo,0.7984716806556333
bn,0.29209288139506623
bo,0.6659531866368665
bo,0.8092052514735945
bn,0.2122510349335082
bn,0.22367406940843765
bo,0.7088143322420941
bn,0.22490333912225258
bo,0.939231595878532
bo,0.7961960880240995
bo,0.7766115495287035
bo,0.7805182391627171
bn,0.26728297395490663
bo,0.7322418000187262
bo,0.66248598400046
bn,0.25137960294644346
bo,0.6939577696907501
bo,0.8089359183312528
bn,0.14449645114675524
bn,0.2186292560646713
bo,0.7862313016970605
bn,0.3074355846676922
bn,0.15137217058514826
bn,0.22916736270804783
bo,0.7863937146475415
bn,0.20498064597933377
bn,0.10055009644977397
bn,0.27398748660328165
bn,0.23025767283266263
bo,0.8461900412746237
bn,0.4492410460594903
bn,0.28841349782761305
bo,0.7487727819710253
bo,0.9885004568554887
bo,0.7122054649961249
bo,0.8291882825214906
bo,0.8965333621304513
bo,0.8263475584344558
bo,0.6631608835311635
bn,0.562356694658896
bn,0.3416726189622848
bn,0.18141600513408646
bo,0.7751552840165779
bn,0.2625966321948346
bn,0.27200673104836864
bn,0.19945221721216494
bo,0.766614050466123
bo,0.8311129080559967
bo,0.7597986571004718
bn,0.054298897165100585
bo,0.9007064581922227
bn,0.37208922534797406
bo,0.8854184125913654
bo,0.5669724086960181
bn,0.32239389716831424
bn,0.16640310033487854
bo,1.0047892220771502
bn,0.16957752842588453
bo,0.7393089954479275
bn,0.30416154164186515
bn,0.13814770431492732
bn,0.1376033284280153
bn,0.1629799874826676
bo,0.9339835215134686
bo,0.8224015296486511
bn,0.0694990246301552
bn,0.09431303043442302
bn,0.18796463570899716
bn,0.43266226680203607
bo,0.9427810200394928
bn,0.3386210086301007
bn,0.09431206843870672
bn,0.17135003475052532
bn,0.12178777704307092
bo,0.8260305902496679
bo,0.8932376656051436
bn,0.22527025122975647
bn,0.18876288503628688
bn,0.31956690922611075
bn,0.14385030443555677
bn,0.18737443174942514
bo,0.7434772757922546
bo,0.780688955662145
bn,0.2661356308218673
bo,0.77931942598079
bo,0.8752545783030866
bo,0.832896671449104
bn,0.30607211144158447
bo,0.810458828310186
bn,0.25987791062719146
bo,0.7950645978790158
bo,0.9941670643794175
bn,0.22925810889164366
bo,0.9774908306101304
bo,0.8875277980256244
bo,0.9008636144119352
bn,0.011158137957492487
bo,0.7617134883539225
bo,0.7093093177208372
bo,0.8189257170970655
bo,0.7644321042646682
bo,0.6674472959444369
bn,0.17997222914190192
bo,0.7482418482757119
bo,0.687719598042891
bn,0.18258376813021823
bn,0.18745436754742295
bo,0.6940473009057202
bo,0.7215855878279721
bn,0.1716284297033986
bo,0.6533348238743156
bn,0.10592446342567906
bo,0.8465451457823334
bn,0.09773462262527904
bn,0.09976440653185802
bn,0.1934689684732777
bn,0.13114154881407553
bn,0.1729008656629526
bo,0.7753862887091204
bn,0.21613794318229362
bo,0.7071909526327711
bo,0.7152195779051588
bo,0.695918897138947
bn,0.18391473011600062
bn,0.08402767002790906
bn,0.26029258422413437
bo,0.7265629526653156
bn,0.3289704789869229
bo,0.7320475996745035
bo,0.8714027366507736
bn,0.05412844970470487
bo,0.9093424804077408
bn,0.12704966635557513
bo,0.8728882372784917
bo,0.7942421551920265
bn,0.20192343545665
bo,0.8276306737024702
bn,0.21592415457284977
bo,0.604210255188191
bo,0.8617364947728604
bn,0.3807020706166576
bo,0.6790668273717011
bo,0.8526260697592647
bn,0.04550710101174457
bn,0.10464101058871017
bo,0.9027930315453975
bo,0.612147375352169
bn,0.38925224072104675
bo,0.6185136687580637
bo,0.9723770329147132
bo,0.8403527165844379
bn,0.21087568784369531
bo,0.8253374896480488
bn,0.2852886723436253
bo,0.8413562105579282
bn,0.22688911732191114
bo,0.7790953773711812
bo,0.5943468072202966
bn,0.15516526579627837
bn,0.25679205399847377
bn,0.2516467013812528
bo,0.8438496479608045
bn,0.2664680149388408
bo,0.7572963863904772
bn,0.2823875266887651
bo,0.8085253615572093
bo,0.7312451018781798
bo,0.9545208682628565
bn,0.3018468646518581
bo,0.6834045498029987
bn,0.24210217823261945
bo,1.0142876333543005
bn,0.2182179445164892
bn,0.28833242117410945
bo,0.8393442963538005
bo,0.7263254622494448
bn,0.1320842543127509
bn,0.06194353243333339
bn,0.27550888806895024
bn,0.10710393779382012
bn,0.3087243182188985
bn,0.16905113824140852
bo,0.5840769764940374
bo,0.6505761008973505
bo,0.8343463768280754
bo,0.8604592989573592
bo,0.8113211705903646
bn,0.12483959897958881
bo,0.9391104799176726
bn,0.182301869569229
bn,0.15051468724457062
bo,0.9502494326577023
bo,0.8680612576409469
bo,0.9468253718968633
bo,0.8015481094221669
bo,0.7817514707493258
bo,0.7715301121092697
bn,0.3764159121076327
bo,0.8849945012777704
bn,0.1269529307273211
bn,0.2620925998040841
bn,0.18478663273375764
bo,0.9144906060370308
bn,0.07167385830983086
bn,0.385890873413517
bn,0.08972865173761291
bo,0.7729445129834538
bn,0.16303866639178882
bn,0.22924383081670618
bn,0.37581721808968704
bo,0.7385262228005274
bn,0.24558565492548615
bn,0.22800228939896006
bo,0.8767994559879408
bo,0.7476116518827345
bn,0.06212960058865649
bo,0.7888624203510142
bo,0.7723317533219336
bn,0.3459283430546586
bn,0.1259723964707803
bo,0.8903313229962092
bn,0.24725025630118969
bo,0.8474256543476785
bo,0.8841328003042
bn,0.20567342330462357
bn,0.02722397862211784
bo,0.8352578530789243
bn,0.42223975752098186
bo,0.8297747973959312
bo,0.8880152828449146
bo,0.7786072159199132
bo,0.8787878077831512
bo,0.8460308024522376
bn,0.09764684499580689
bn,0.14584363113885293
bo,0.41644888412138714
bn,0.2343604374822358
bo,0.9635007320903558
bn,0.10430708089493662
bo,1.0491004646918134
bn,0.11548840673048849
bn,0.2629460548925898
bo,0.6087102592212805
bo,0.7521872452922015
bn,0.1516815417317272
bo,0.7125137630317734
bo,0.8885268131401691
bo,0.7715017224675794
bn,0.17224683839577187
bn,0.3792348662899071
bn,0.28005243905719596
bn,0.4145916106826879
bo,0.8637242609157016
bo,0.6221094590229007
bn,0.15181585063048225
bo,0.5408349900035925
bo,0.9994268313169711
bo,0.7709435812632617
bo,0.6901882495777731
bo,0.8167029363701601
bo,0.8417603327186685
bn,0.16793741199835177
bn,0.11743894616657286
bn,0.18194449422074435
bn,0.12223840472768402
bo,0.7844583038448192
bn,0.3658510397907319
bo,0.8197919996931414
bn,0.06246707459783396
bn,0.22937302952551186
bo,0.7413058833861899
bn,0.259849107771756
bn,0.3100871844504299
bn,0.1992897653612126
bo,0.6355487430441368
bo,0.7330469331761965
bo,0.7308082061905166
bo,0.824267206735484
bn,0.29220968682737425
bo,0.6616377808511157
bo,0.8374621562241853
bn,0.08052669665036312
bo,0.7700269330095872
bn,0.20674136895841375
bo,0.6471568041858037
bn,0.08342261117617644
bn,0.2542806088952939
bo,0.9052584107471642
bn,0.30497685377603645
bo,0.8853880533715289
bn,0.17453610853454912
bo,0.7423107407858992
bo,0.7755854778508202
bn,0.20658061099143726
bo,0.6971790036426768
bo,0.755821226124908
bn,0.1696325265175368
bo,0.6750104133238327
bo,0.8383244452371548
bn,0.2701230796397529
bn,0.19052075267437804
bo,0.9245165082860121
bn,0.2548263789775288
bn,0.050245833748062185
bo,0.7781403188894283
bn,0.1721784988479263
bo,0.7958957396916514
bn,0.19482208887980967
bo,0.8606449278315818
bo,0.8278615373520655
bo,0.6994593054478686
bn,0.09274438164067374
bo,0.6839683973320053
bo,0.7084411006961062
bo,0.7377509281797724
bo,0.6444971255110152
bo,0.6174283563634735
bo,0.8740404111956223
bo,0.730322909549849
bo,0.8285266500246735
bo,0.7551650003056922
bn,0.1964996658964234
bn,0.059394508693728615
bn,0.12361281424841514
bn,0.18963691015795478
bn,0.24562466569998653
bn,0.14572485171001187
bo,0.8867568594441818
bn,0.10052172902764271
bo,0.7838386837562428
bo,0.8096825802337382
bn,0.39810481024116295
bn,0.20334120854467483
bo,0.904272393683557
bo,0.8838621765210198
bn,0.22910777553580125
bn,0.24334833246798954
bo,0.8762855275750157
bn,0.24616536617406526
bn,0.3749264214700793
bn,0.33020016562240706
bo,0.812779779914408
bn,0.11083774895515873
bo,0.7961232353500821
bo,0.6904550412576005
bn,0.196290813847529
bo,0.7563316612655783
bo,0.7903012178600595
bn,0.26794275510638943
bo,0.643723042099531
bo,0.7350235033684325
bn,0.34386064098655644
bo,0.9660797413987336
bo,0.6471590480088213
bo,0.9479926184558087
bn,0.290798592272468
bn,0.1441302451052286
bo,0.783041664288841
bo,0.6187989907918081
bo,0.9464462236857535
bo,0.8365771248663897
bn,0.1137419934470571
bo,0.7311192181396116
bn,0.1309433677273959
bo,0.8483854144527513
bn,0.24484675831413977
bo,0.6389580090938543
bn,0.11292469861290477
bn,0.4913838468059452
bn,0.20800794528132316
bo,0.771881238966462
bo,0.8258259801218897
bn,0.2829936289643133
bn,0.3425848261830903
bo,0.7351194366787588
bn,0.3026098173109986
bo,0.7358520967209049
bn,0.1861215418968926
bo,0.7413602352111498
bn,0.09666840650186986
bn,0.19865197782183547
bn,0.04320407447879254
bn,0.09317305944329997
bn,0.28713797494791404
bn,0.17482740104646624
bo,0.8524520959426038
bn,0.22655880240139942
bo,0.6424319999422926
bn,0.1315292425055561
bn,0.19917822103240426
bn,0.09144797832954657
bn,0.2827785276275358
bo,0.8402853817688631
bn,0.1960330845958364
bo,0.801945383813686
bo,0.8172222775080711
bo,0.7050236553403385
bn,0.045860247544660476
bo,0.8680970006494231
bo,0.8951626412751735
bn,0.2004218398967465
bn,0.09211524557231764
bo,0.8839004082373858
bn,0.15509238606963724
bo,0.6950720481785405
bo,0.8072486552096108
bn,0.3047733108155021
bn,0.2082429360477293
bo,0.8041254261207543
bn,0.20627098619493225
bo,0.8462614498091753
bn,0.0705191806256521
bo,0.7834548203060646
bo,0.7367936516026797
bn,0.28270532321755587
bn,0.31073111901442707
bo,0.9334606680928048
bo,0.7070710993211318
bn,0.3296470339816959
bo,0.7972715379984671
bn,0.15531895933981868
bn,0.04281228464697945
bo,0.7538870078881303
bn,0.22186472937796636
bn,0.31243454413113597
bn,0.2289127743710353
bo,0.7526680179327372
bn,0.16179441541346912
bn,0.23371871927330057
bo,0.907889440256903
bo,0.7589949960398384
bo,0.6065916364246364
bn,0.3059816112865922
bn,0.23166831099688412
bn,0.057559782875442195
bn,0.4245916042287045
bn,0.06468693033295547
bo,0.8324010695189284
bo,0.8548869104640419
bn,0.27310574929344555
bo,0.9182869040963654
bn,0.15592501672634185
bn,0.3454197592503172
bo,0.8222301401921785
bo,0.7035060095520097
bn,0.3256291569613958
bo,0.7820709200508391
bn,0.09223419522958264
bn,0.26677483079021785
bn,0.2638917323600505
bo,0.7361271397892464
bn,0.2353000621706202
bo,0.661900423484254
bo,0.4869275230548368
bo,0.924456340779214
bn,0.25454291098767035
bo,0.6889215136521277
bo,0.8931986770927021
bn,0.28063557435975517
bn,0.1722367324614474
bn,0.26798008740979257
bo,0.9676616559558004
bn,0.1438089616517058
bn,0.21635266790090898
bn,0.04793442827118208
bo,0.7174318940503417
bn,0.16831059239363555
bo,0.8479673782228949
bo,0.6781215629768951
bo,0.9495559635477249
bn,0.14342056252848695
bo,0.7730601357911429
bo,0.7202193462414429
bn,0.11743759991650626
bn,0.0057002066598737244
bn,0.0651477881900577
bo,0.7289688711768558
bn,0.3992071000099733
bn,0.05344640526058406
bn,0.09547867125562122
bo,0.9595115219878649
bo,0.6939235084071081
bo,0.7578588917332738
bn,0.12824776648007652
bn,0.1135317962541362
bn,0.09182377103610609
bo,0.8697190548612144
bn,0.18985866482684627
bo,0.697606036598645
bn,0.32215755652040406
bo,0.8001355996022484
bn,0.15062559165965736
bo,0.8074939993709672
bo,0.7589629626287814
bo,0.8811163997285535
bn,0.06788581505360275
bn,0.3765811221193618
bn,0.11815193842521407
bo,0.9342483025271848
bo,0.8189719704072427
bn,0.22391510462681743
bn,0.21983426146596916
bo,0.7449718009673857
bo,0.8413201306469286
bn,0.24463656848419382
bo,0.8145234324456301
bo,0.7183092003900596
bn,0.12301149822938218
bo,0.6971510239390869
bo,0.7587594556953541
bn,0.06863457830661271
bo,0.7605639868072731
bn,0.025479983575773496
bo,0.924845188741812
bo,0.965862645912775
bn,0.16116868988437738
bo,0.7657587271306429
bn,0.1872274081240474
bo,0.636118216758277
bn,0.19613869294867708
bn,0.2470853330651673
bo,0.738361841011721
bo,0.9401703552314987
bo,0.9742885386744321
bo,0.8167553857951213
bn,0.3652127258712581
bn,0.06203135268884716
bo,0.9727552998832287
bn,0.12606512753221366
bn,0.2288760281451802
bn,0.3006944375733949
bn,0.1396260513112179
bo,0.5433012226294633
bn,0.03017300494678493
bo,0.748946840018969
bn,0.2066946133284843
bo,0.8537332084991127
bo,0.6929695676290603
bo,0.7285361097297516
bn,0.1414392741077191
bn,0.14736787087761524
bo,0.6018692303157606
bo,0.7210338986827947
bo,0.7478900877233181
bo,0.8468387165180407
bn,0.37335411448428724
bn,0.08905973663448596
bo,0.8140859662487478
bn,0.15660183549014287
bo,0.8344535935625392
bo,0.8471559946964998
bo,0.9189933707062661
bo,0.8673012838459548
bn,0.28277036248523607
bo,0.799746509606227
bo,0.7450828465524699
bn,0.06089311112699938
bn,0.11812166499803158
bn,0.15020596182511634
bn,0.17430263786319874
bn,0.16083162767316023
bn,0.37112228086832183
bo,0.7947247713667589
bo,0.8981415961839574
bo,0.820245115864614
bn,0.26290600308954076
bo,0.727383164667108
bo,0.6500777212185509
bn,0.21061131080271914
bn,0.0383618554599838
bn,0.27220325186173916
bo,0.7959931513713671
bn,0.2674204269531284
bn,0.24518550658060506
bo,0.8657324585007444
bn,0.3633728069219944
bo,0.699144012405618
bn,0.15031991390904414
bo,0.7296797088424178
bo,0.756699950933873
bo,0.7245780541499193
bo,0.7884823007399026
bn,0.1160912022880366
bo,0.8013705176930197
bo,0.7447121668286956
bn,0.22810320237166712
bn,0.2237727734740187
bo,0.6809286684166858
bo,0.7581290337336786
bn,0.3972539821285013
bo,0.9975026166371115
bn,0.3240037196593136
bn,0.31579943286672457
bo,0.9188383198236777
bo,0.8122858527226832
bn,0.3378058598107179
bo,0.8996162653155714
bo,0.8614855186814334
bn,0.28738352103347636
bo,0.9021974823835464
bn,0.32695647500300334
bn,0.20819588656007235
bo,0.7176569627712791
bn,0.2019698717331564
bo,0.731938877909587
bn,0.03437361788652585
bo,0.6469479629162996
bo,0.8561403865480709
bn,0.32700594471650596
bo,0.818739478226927
bn,0.23855550261449596
bo,0.731671614058062
bn,0.3894504717355185
bo,0.7568337708612523
bn,0.04684491561361798
bo,0.7991722392728229
bo,0.9076041294009332
bo,0.6910878476101882
bo,0.7988554643745616
bo,0.7473044636505736
bn,0.25830906602970394
bn,0.24556142041371432
bn,0.273873893692
bn,0.11682971464738398
bo,0.9027453546207989
bo,0.6489090535634053
bo,0.8251083307909726
bn,0.15895390392482336
bo,0.6727750719480599
bn,0.36143292820589407
bo,0.989429043379715
bn,0.12980842218334984
bo,0.8466162254862079
bn,0.2112284278825986
bo,0.8452965633066272
bo,0.781329751925687
bo,0.8931512237312289
bn,0.19411940869342817
bo,0.7601580825016694
bo,0.8047720542165935
bn,0.2174123755412998
bn,0.1746873842470732
bn,0.11377453829483469
bo,0.8696165035308783
bo,0.8072283190831308
bn,0.11571072228465991
bo,0.7722717620995119
bo,0.8771293614326355
bn,0.1891741268102179
bn,0.1755441638233972
bn,0.18962743959953085
bo,0.7017531619449576
bn,0.37979632111832656
bn,0.24905749600298577
bn,0.3314806560349761
bn,0.009988521726026767
bn,0.14164713637038123
bo,0.8029523717175477
bn,0.2710234012877862
bo,0.8491334321271751
bn,0.25056167743707786
bn,0.2468736611926758
bn,0.17359924159404477
bn,0.13954649269924493
bo,0.7992032760833343
bn,0.18287321957190256
bn,0.22669597970877786
bo,0.8653835306995384
bo,0.8417407772900536
bn,0.14604059854817703
bn,0.1686332831243676
bo,0.6773915916413569
bo,0.8303029448506929
bo,0.7446877708873282
bo,0.9406946541967443
bn,0.22817816736582738
bo,0.9011857783334001
bo,0.6863874727710537
bn,0.25864146625611784
bn,0.09785975238545103
bo,0.915827135105554
bo,0.6742546096452707
bo,0.6879307861802839
bo,0.6999983459843859
bo,0.8500625252306135
bn,0.22538903658425005
bn,0.17534830853120062
bn,0.27747727246550674
bo,0.999446556990793
bo,0.7141336314578381
bo,0.8605464412181588
bo,0.8753476281665102
bo,0.6509601044475538
bn,0.2149971175230188
bo,0.8830791584775003
bn,0.21677395955090734
bo,0.6569203595146345
bn,0.24979431891334997
bn,0.1881960237034849
bn,0.26660380265116407
bn,0.12856171438858147
bo,0.8103808742282294
bo,0.7277514564768135
bn,0.15641528096712481
bo,0.7933504807068753
bn,0.015567527239078893
bn,0.2805588649112744
bn,0.2466587729200947
bn,0.22366046576546725
bn,0.20122291535435444
bo,0.9440047949783816
bn,0.012156278308460583
bn,0.2946773160674634
bo,0.6406984974394775
bo,0.8854108896986126
bo,0.7824314023159359
bo,0.7922381236385041
bn,0.09733597034941895
bn,0.0923071726197095
bn,0.34371535497456684
bn,0.2762367310673338
bn,0.2815369705810782
bn,0.2691972699611463
bn,0.2005999853865073
bn,0.13628750393928044
bo,0.7355770158484489
bn,0.3518525017594947
bn,0.21782490678167493
